temperature,pressure,category,stress
88.88324733381737,39.373817825604135,A,123.18925931811695
98.50168078138628,30.63106726685178,C,110.5129749243967
91.09987055453996,18.737122215830748,C,83.02417970893148
75.61483100013147,18.474798274586455,A,74.75701204923865
80.20768210645738,27.22976033403564,A,94.56336172129997
78.0013932676608,44.278010954137315,B,127.55671854210503
84.09609175006383,49.695467570736845,A,141.4389810165056
105.04625417350593,43.0353095475935,B,138.59374618193996
96.43463102000592,26.02505585272454,A,100.26742721545205
103.44046294869437,14.723001303509982,A,81.16623408136715
102.05657493321257,43.83754192835801,A,138.7033713233223
92.65604489314839,35.51965763362814,B,117.36733771383048
97.58484379210813,26.121706222460446,A,101.03583434097496
113.36006520640983,34.25610470482074,A,125.1922420128464
143.71422489052387,30.44890072418259,C,132.7549138936271
86.31306233046286,41.839077500289434,A,126.8346861658103
123.98079040453662,34.65549225017108,A,131.30137970261046
95.70162796001893,31.39532816424278,A,110.64147030849503
102.45676437471072,45.98279146371689,A,143.19396511478914
75.70352430292009,31.772756223132312,B,101.39727459772467
87.78397288555162,31.471612622979322,C,106.83521168873446
92.22037450019796,10.778850572057742,A,67.66788839421446
90.45448791375678,21.63105734907517,B,88.48935865502872
90.26660755599312,32.172005866453986,A,109.47731551090453
85.78438511294293,31.090599309190722,A,105.0733911748529
100.9770601628919,15.091761624502947,A,80.67205333045185
110.18644979702175,41.019487383338806,C,137.1321996651885
85.80189162741163,49.58220115209092,A,142.06534811788765
78.61749609153657,41.80535470951719,B,122.91945746480266
95.845310371519,47.60670236130082,A,143.13605990836115
110.99216993642416,11.730190434776135,A,78.95646583776436
108.79361971175514,20.097598790054402,B,94.59200743598637
105.87049053518831,34.43740791244075,C,121.81006109247565
90.47925455771417,29.93478695881505,A,105.10920119648719
88.5926388921634,49.34399321034026,A,142.9843058667622
92.1726488788696,38.72580354737275,A,123.5379315341803
113.56830349596963,32.36562444029983,B,121.51540062858447
100.73485838893674,31.296895666842893,B,112.96122052815416
86.33829588863692,22.84589010213392,A,88.86092814858631
101.16097464787195,27.072176861908336,B,104.72484104775265
87.20374279107114,37.41967626682616,A,118.44122392918788
137.85514844387535,29.028182992081277,B,126.98394020610023
106.332966568353,33.89565703917663,B,120.95779736252976
98.32946618196316,48.868567438887524,A,146.90186796875662
77.04761105221446,14.198446716808775,B,66.92069895972477
103.43868486502609,27.606157594852306,A,106.93165762221766
117.81849988489728,13.807293777604883,C,86.5238374976584
114.06987973668782,17.978952471285382,A,92.99284481091468
83.33293031731121,26.787419095708454,B,95.24130335007251
99.98314237514667,40.38306206344883,B,130.757695314471
